period,n,r,p_value
2020-01→2021-12,23,-0.217657,0.318443
2022-01→2023-12,24,0.211551,0.321027
2024-01→2025-12,19,-0.361812,0.127972
