n_months,pearson_r,p_value,ci95_lo,ci95_hi
66,-0.068609,0.584116,-0.305568,0.176352
